date,dynamic_top50_lgbm,market_benchmark,frozen_current_top50,dynamic_top50_lgbm_drawdown,market_benchmark_drawdown,frozen_current_top50_drawdown
2024-09-23,1.0000000000,1.0000000000,1.0000000000,0.0000000000,0.0000000000,0.0000000000
2024-09-24,1.0000000000,1.0063328812,1.0000000000,0.0000000000,0.0000000000,0.0000000000
2024-09-25,1.0395314188,1.0481362013,1.0490066307,0.0000000000,0.0000000000,0.0000000000
2024-09-26,1.0388338990,1.0494637099,1.0657796378,-0.0006709944,0.0000000000,0.0000000000
2024-09-27,1.0990662398,1.1054548475,1.1456926073,0.0000000000,0.0000000000,0.0000000000
2024-09-30,1.1864144826,1.1970763978,1.1585171675,0.0000000000,0.0000000000,0.0000000000
2024-10-08,1.4952652628,1.4605908909,1.3247626980,0.0000000000,0.0000000000,0.0000000000
2024-10-09,1.3805966889,1.3571124500,1.2220211489,-0.0766877803,-0.0708469713,-0.0775546815
2024-10-10,1.2938543550,1.2792903999,1.1628659877,-0.1346991152,-0.1241281813,-0.1222080834
2024-10-11,1.2669502285,1.2628079729,1.1872222563,-0.1526919938,-0.1354129478,-0.1038227011
2024-10-14,1.2170440019,1.2243591551,1.1835797654,-0.1860681631,-0.1617371006,-0.1065722433
2024-10-15,1.2235106621,1.2516480334,1.1967923522,-0.1817434053,-0.1430536496,-0.0965986935
2024-10-16,1.1805878858,1.2213092024,1.1603594520,-0.2104491991,-0.1638252641,-0.1241001473
2024-10-17,1.1943827048,1.2530130168,1.1846127979,-0.2012235323,-0.1421191077,-0.1057924565
2024-10-18,1.1670327882,1.2382712069,1.1642723572,-0.2195145455,-0.1522121529,-0.1211464823
2024-10-21,1.2054307107,1.2966648623,1.1862890530,-0.1938348728,-0.1122326790,-0.1045271316
2024-10-22,1.2072390381,1.3190189809,1.1733987049,-0.1926255039,-0.0969278330,-0.1142574390
2024-10-23,1.2418685190,1.3269869894,1.1849074482,-0.1694660808,-0.0914725008,-0.1055700391
2024-10-24,1.2404052620,1.3312278487,1.1814306533,-0.1704446744,-0.0885689778,-0.1081945052
2024-10-25,1.2515387891,1.3413543958,1.1748546476,-0.1629988202,-0.0816357926,-0.1131584174
2024-10-28,1.2611012228,1.3705182380,1.1756444554,-0.1566036782,-0.0616686394,-0.1125622293
2024-10-29,1.2852947391,1.4095965451,1.1777726564,-0.1404235950,-0.0349135040,-0.1109557521
2024-10-30,1.2449231556,1.3727114914,1.1681441341,-0.1674232080,-0.0601670187,-0.1182238631
2024-10-31,1.2421514444,1.3830263354,1.1521187367,-0.1692768666,-0.0531049153,-0.1303206692
2024-11-01,1.2360723486,1.3967291732,1.1465745700,-0.1733424300,-0.0437232069,-0.1345056955
2024-11-04,1.2620805746,1.3529047223,1.1604302346,-0.1559487096,-0.0737278106,-0.1240467169
2024-11-05,1.2835191879,1.3888796760,1.1608961226,-0.1416110440,-0.0490973998,-0.1236950403
2024-11-06,1.3184140084,1.4409342903,1.1713894347,-0.1182741676,-0.0134579784,-0.1157741409
2024-11-07,1.3413056015,1.4407037637,1.1607208804,-0.1029647817,-0.0136158094,-0.1238273223
2024-11-08,1.3514262805,1.5002626269,1.1902562018,-0.0961962977,0.0000000000,-0.1015325208
2024-11-11,1.3242765024,1.4839279662,1.1672032556,-0.1143534626,-0.0108878675,-0.1189340873
2024-11-12,1.3195235287,1.5247533385,1.1558133675,-0.1175321453,0.0000000000,-0.1275317690
2024-11-13,1.3047696561,1.4981534452,1.1430156979,-0.1273992056,-0.0174453747,-0.1371921178
2024-11-14,1.3260505828,1.5068841627,1.1655920767,-0.1131669973,-0.0117193879,-0.1201502892
2024-11-15,1.3349479356,1.4598230173,1.1628945860,-0.1072166466,-0.0425841476,-0.1221864959
2024-11-18,1.3719134829,1.4461889152,1.1752509876,-0.0824949144,-0.0515259887,-0.1128592393
2024-11-19,1.3753766336,1.4070276912,1.1828301365,-0.0801788366,-0.0772096340,-0.1071381023
2024-11-20,1.3460754817,1.4360417831,1.1788474870,-0.0997747923,-0.0581809222,-0.1101444139
2024-11-21,1.3700626904,1.4715803346,1.1785061291,-0.0837326831,-0.0348731841,-0.1104020887
2024-11-22,1.3684638166,1.4781783814,1.1888354618,-0.0848019742,-0.0305458961,-0.1026049694
2024-11-25,1.3180557847,1.4310934018,1.1609080143,-0.1185137397,-0.0614262874,-0.1236860639
2024-11-26,1.3245123107,1.4447891836,1.1463438968,-0.1141957593,-0.0524439940,-0.1346798196
2024-11-27,1.3169051451,1.4231809587,1.1547009783,-0.1192832617,-0.0666156140,-0.1283714585
2024-11-28,1.3303103482,1.4581861413,1.1680192392,-0.1103181614,-0.0436576826,-0.1183181403
2024-11-29,1.3214804388,1.4579482184,1.1682963447,-0.1162234075,-0.0438137228,-0.1181089666
2024-12-02,1.3225497843,1.4871864486,1.1641429447,-0.1155082532,-0.0246380113,-0.1212441696
2024-12-03,1.3357500918,1.5208641599,1.1642870889,-0.1066801824,-0.0025506936,-0.1211353621
2024-12-04,1.3619702889,1.5198717124,1.1826693096,-0.0891447004,-0.0032015841,-0.1072595029
2024-12-05,1.3634749084,1.4952693495,1.1886628946,-0.0881384445,-0.0193368910,-0.1027352322
2024-12-06,1.3547803647,1.5226260229,1.1872855863,-0.0939531611,-0.0013951867,-0.1037748964
2024-12-09,1.3691784480,1.5339695686,1.1951975394,-0.0843240446,0.0000000000,-0.0978025414
2024-12-10,1.3908832086,1.5742068501,1.2128523502,-0.0698083857,0.0000000000,-0.0844757691
2024-12-11,1.3656644291,1.5349329468,1.2077929983,-0.0866741420,-0.0249483753,-0.0882948318
2024-12-12,1.3688546322,1.5595545540,1.1946644105,-0.0845406054,-0.0093077324,-0.0982049748
2024-12-13,1.3705389399,1.5663394831,1.2046453269,-0.0834141781,-0.0049976704,-0.0906708584
2024-12-16,1.3545012388,1.5493784531,1.2008107020,-0.0941398342,-0.0157720042,-0.0935654334
2024-12-17,1.3745926204,1.5349249996,1.2265978923,-0.0807031672,-0.0249534237,-0.0740999168
2024-12-18,1.3687193040,1.4847752006,1.2321121205,-0.0846311099,-0.0568106088,-0.0699374896
2024-12-19,1.3666831220,1.4743941285,1.2312905035,-0.0859928629,-0.0634050865,-0.0705576890
2024-12-20,1.3568936185,1.4903673605,1.2242329704,-0.0925398641,-0.0532582421,-0.0758850832
2024-12-23,1.3433822872,1.5064711917,1.2236930207,-0.1015759406,-0.0430284358,-0.0762926654
2024-12-24,1.3570980307,1.4513841651,1.2584596559,-0.0924031579,-0.0780219480,-0.0500489953
2024-12-25,1.3600992693,1.4596748791,1.2724404867,-0.0903959965,-0.0727553504,-0.0394955348
2024-12-26,1.3583133812,1.4293843507,1.2741924559,-0.0915903586,-0.0919971219,-0.0381730570
2024-12-27,1.3449972530,1.4514110730,1.2624763706,-0.1004958876,-0.0780048550,-0.0470169695
2024-12-30,1.3565596397,1.4555529117,1.2714620954,-0.0927632217,-0.0753737912,-0.0402340756
2024-12-31,1.3456745988,1.4450670288,1.2756607159,-0.1000428939,-0.0820348491,-0.0370647378
2025-01-02,1.3347126069,1.4065963585,1.2784615889,-0.1073740291,-0.1064729782,-0.0349504928
2025-01-03,1.3248142778,1.3865943974,1.2513119310,-0.1139938105,-0.1191790346,-0.0554444710
2025-01-06,1.3280210752,1.3304551769,1.2410560104,-0.1118491761,-0.1548409431,-0.0631861749
2025-01-07,1.3128817123,1.3295626252,1.2348942979,-0.1219740437,-0.1554079281,-0.0678373570
2025-01-08,1.3176203160,1.3527895985,1.2339717744,-0.1188049714,-0.1406532131,-0.0685337259
2025-01-09,1.3096663496,1.3509975815,1.2455461321,-0.1241244064,-0.1417915749,-0.0597967968
2025-01-10,1.3308229739,1.3610027231,1.2245412935,-0.1099753288,-0.1354359035,-0.0756523449
2025-01-13,1.2918394059,1.3089114273,1.1992806326,-0.1360466680,-0.1685264061,-0.0947204096
2025-01-14,1.3268665762,1.3321956129,1.1908388484,-0.1126212792,-0.1537353476,-0.1010927087
2025-01-15,1.3522243971,1.3917128229,1.2073856735,-0.0956625351,-0.1159276033,-0.0886023018
2025-01-16,1.3460798410,1.3917870861,1.2142831153,-0.0997718769,-0.1158804283,-0.0833957529
2025-01-17,1.3269740403,1.3897717711,1.2183153085,-0.1125494096,-0.1171606381,-0.0803520431
2025-01-20,1.3335996135,1.4044383611,1.2166935116,-0.1081183742,-0.1078438256,-0.0815762600
2025-01-21,1.3582914201,1.4153313362,1.2135552153,-0.0916050457,-0.1009241663,-0.0839452098
2025-01-22,1.3676042667,1.4012388255,1.2087663385,-0.0853768219,-0.1098763003,-0.0875601039
2025-01-23,1.3555257633,1.4054116859,1.2041257808,-0.0934546552,-0.1072255303,-0.0910630390
2025-01-24,1.3501607816,1.3856015062,1.2107414970,-0.0970426350,-0.1198097593,-0.0860691512
2025-01-27,1.3696556220,1.4103619033,1.2152143273,-0.0840049214,-0.1040809515,-0.0826928255
2025-02-05,1.3502479778,1.4031580305,1.2350090240,-0.0969843202,-0.1086571435,-0.0677507557
2025-02-06,1.3496388665,1.4019295639,1.2075859154,-0.0973916802,-0.1094375153,-0.0884511488
2025-02-07,1.3778390367,1.4388545729,1.2107411512,-0.0785320364,-0.0859812528,-0.0860694123
2025-02-10,1.4062271387,1.4639041646,1.2158022773,-0.0595467081,-0.0700687368,-0.0822490102
2025-02-11,1.4291808738,1.4879535098,1.2171511682,-0.0441957629,-0.0547916180,-0.0812307970
2025-02-12,1.4132897877,1.4815319713,1.2128550346,-0.0548233662,-0.0588708395,-0.0844737427
2025-02-13,1.4257823142,1.5012136939,1.2157242446,-0.0464686436,-0.0463682115,-0.0823079134
2025-02-14,1.4090137653,1.4818484825,1.2121927129,-0.0576830745,-0.0586697788,-0.0849736977
2025-02-17,1.4110077190,1.4949293558,1.2220558944,-0.0563495628,-0.0503602778,-0.0775284537
2025-02-18,1.4128294216,1.5069382107,1.2283225723,-0.0551312488,-0.0427317664,-0.0727980383
2025-02-19,1.3739994504,1.4713846025,1.2234740413,-0.0810998660,-0.0653168594,-0.0764579625
2025-02-20,1.3937399058,1.5063546152,1.2173569430,-0.0678978905,-0.0431024899,-0.0810754674
2025-02-21,1.4232468291,1.5224015989,1.2120832479,-0.0481643194,-0.0329087954,-0.0850563277
2025-02-24,1.4125279678,1.5355452085,1.2157596154,-0.0553328543,-0.0245594419,-0.0822812136
2025-02-25,1.4616911645,1.5225835021,1.2124426912,-0.0224536068,-0.0327932431,-0.0847850010
2025-02-26,1.4356758089,1.5382290892,1.1999322442,-0.0398520954,-0.0228545320,-0.0942285391
2025-02-27,1.4627855820,1.5582192312,1.1987841836,-0.0217216849,-0.0101559835,-0.0950951552
2025-02-28,1.4567090300,1.5513009183,1.1985024580,-0.0257855471,-0.0145507763,-0.0953078163
2025-03-03,1.4535928003,1.5134526071,1.1902172936,-0.0278696119,-0.0385935577,-0.1015618907
2025-03-04,1.4762296484,1.5089060724,1.1879412772,-0.0127305936,-0.0414817009,-0.1032799466
2025-03-05,1.4786649803,1.5407486289,1.1876221227,-0.0111018980,-0.0212540183,-0.1035208611
2025-03-06,1.4705860270,1.5523977250,1.1961235985,-0.0165049215,-0.0138540403,-0.0971035037
2025-03-07,1.4711746401,1.5671276431,1.1950285497,-0.0161112702,-0.0044969992,-0.0979301036
2025-03-10,1.4612846278,1.5687746590,1.1907827296,-0.0227254895,-0.0034507480,-0.1011350701
2025-03-11,1.4545134706,1.5569305219,1.1769683193,-0.0272538882,-0.0109746240,-0.1115629078
2025-03-12,1.4689764224,1.5902777055,1.1774498903,-0.0175813891,0.0000000000,-0.1111993928
2025-03-13,1.4690065190,1.5891329288,1.1756773589,-0.0175612612,-0.0007198596,-0.1125373920
2025-03-14,1.4674349644,1.5743244607,1.1751986380,-0.0186122818,-0.0100317352,-0.1128987555
2025-03-17,1.5109712405,1.6085773157,1.2122724708,0.0000000000,0.0000000000,-0.0849134923
2025-03-18,1.5088084667,1.6178510923,1.2153855829,-0.0014313799,0.0000000000,-0.0825635528
2025-03-19,1.5062027898,1.6186026029,1.2141188770,-0.0031558845,0.0000000000,-0.0835197286
2025-03-20,1.5053648458,1.6089932814,1.2159840649,-0.0037104576,-0.0059368010,-0.0821117875
2025-03-21,1.5173449172,1.6008383510,1.2082040529,0.0000000000,-0.0109750546,-0.0879845464
2025-03-24,1.4993998741,1.5772216721,1.2042310152,-0.0118266078,-0.0255658373,-0.0909836025
2025-03-25,1.4609833335,1.5535775133,1.2096986071,-0.0371448727,-0.0401735976,-0.0868563789
2025-03-26,1.4634892691,1.5487644298,1.2204419484,-0.0354933460,-0.0431472018,-0.0787467444
2025-03-27,1.4873658019,1.5628832322,1.2180184877,-0.0197576141,-0.0344243674,-0.0805760990
2025-03-28,1.4692632787,1.5580076909,1.2204083873,-0.0316880085,-0.0374365591,-0.0787720781
2025-03-31,1.4655382012,1.5272127113,1.2028168254,-0.0341430056,-0.0564622172,-0.0920511068
2025-04-01,1.4541098701,1.5228672555,1.1987888763,-0.0416748007,-0.0591469131,-0.0950916129
2025-04-02,1.4617664798,1.5352723623,1.1993431623,-0.0366287433,-0.0514828288,-0.0946732089
2025-04-03,1.4500856749,1.5248778206,1.1992792875,-0.0443269303,-0.0579047520,-0.0947214249
2025-04-07,1.4000990656,1.4397808508,1.1633142279,-0.0772704019,-0.1104790959,-0.1218697283
2025-04-08,1.2949301090,1.3368507891,1.1160670125,-0.1465815753,-0.1740710248,-0.1575343914
2025-04-09,1.3355737157,1.3295999776,1.1368213190,-0.1197955715,-0.1785506985,-0.1418679581
2025-04-10,1.3975386715,1.4172396598,1.1586813066,-0.0789578192,-0.1244054240,-0.1253668990
2025-04-11,1.4574400592,1.4235241769,1.1493479335,-0.0394800532,-0.1205227433,-0.1324122160
2025-04-14,1.4823765274,1.4641730034,1.1521844892,-0.0230457752,-0.0954092124,-0.1302710358
2025-04-15,1.5048782684,1.4753355281,1.1563466775,-0.0082160943,-0.0885128163,-0.1271291989
2025-04-16,1.5036708103,1.4698403858,1.1674088581,-0.0090118646,-0.0919078079,-0.1187788878
2025-04-17,1.4865747686,1.4456126174,1.1739395584,-0.0202789414,-0.1068761321,-0.1138491745
2025-04-18,1.5005925690,1.4614050475,1.1821419440,-0.0110405670,-0.0971193023,-0.1076575859
2025-04-21,1.5103112479,1.4591521759,1.1853106339,-0.0046355112,-0.0985111644,-0.1052656934
2025-04-22,1.5247583895,1.4866063868,1.1824385268,0.0000000000,-0.0815494896,-0.1074337098
2025-04-23,1.5247583895,1.4954359119,1.1899619279,0.0000000000,-0.0760944600,-0.1017546541
2025-04-24,1.5175930230,1.4983811346,1.1800240088,-0.0046993455,-0.0742748517,-0.1092563139
2025-04-25,1.5188058772,1.4877487818,1.1872975067,-0.0039039053,-0.0808436987,-0.1037658982
2025-04-28,1.5215197730,1.4866275154,1.1981267671,-0.0021240195,-0.0815364360,-0.0955914075
2025-04-29,1.5066711925,1.4633181437,1.1931057562,-0.0118623364,-0.0959373591,-0.0993815284
2025-04-30,1.5184191452,1.4837900807,1.1942147163,-0.0041575402,-0.0832894511,-0.0985444275
2025-05-06,1.5640037332,1.5082972446,1.1893746527,0.0000000000,-0.0681485117,-0.1021979600
2025-05-07,1.6294586599,1.5576363955,1.2093058330,0.0000000000,-0.0376659517,-0.0871528653
2025-05-08,1.6483937717,1.5471838509,1.2041975808,0.0000000000,-0.0441237101,-0.0910088406
2025-05-09,1.7081487461,1.5683568799,1.2147770006,0.0000000000,-0.0310426555,-0.0830229425
2025-05-12,1.6808247965,1.5632863813,1.2235323388,-0.0159962355,-0.0341752951,-0.0764139565
2025-05-13,1.7289430460,1.5887882259,1.2434617753,0.0000000000,-0.0184198252,-0.0613701781
2025-05-14,1.6900859890,1.5706954205,1.2328122248,-0.0224744575,-0.0295978657,-0.0694090144
2025-05-15,1.7312598406,1.5737308128,1.2435638978,0.0000000000,-0.0277225491,-0.0612930907
2025-05-16,1.6723402701,1.5595157290,1.2391654317,-0.0340327715,-0.0365048678,-0.0646132824
2025-05-19,1.6768988598,1.5739946296,1.2347479781,-0.0313996660,-0.0275595586,-0.0679478068
2025-05-20,1.6890351409,1.5868217008,1.2431304990,-0.0243895796,-0.0196347776,-0.0616202427
2025-05-21,1.7073591485,1.6003037325,1.2438070927,-0.0138053754,-0.0113053509,-0.0611095145
2025-05-22,1.6683520882,1.5895998530,1.2417976352,-0.0363364014,-0.0179183883,-0.0626263578
2025-05-23,1.6591849793,1.5717610661,1.2492181173,-0.0416314522,-0.0289394918,-0.0570249908
2025-05-26,1.6178759406,1.5568444343,1.2401808972,-0.0654921332,-0.0381552387,-0.0638467560
2025-05-27,1.6713330752,1.5723700442,1.2466584321,-0.0346145414,-0.0285632549,-0.0589571747
2025-05-28,1.6722272090,1.5772124765,1.2459661239,-0.0340980772,-0.0255715185,-0.0594797651
2025-05-29,1.6443495923,1.5698358721,1.2396546436,-0.0502005801,-0.0301289092,-0.0642439997
2025-05-30,1.6771037730,1.5957496017,1.2370309753,-0.0312813053,-0.0141189698,-0.0662244814
2025-06-03,1.6514118298,1.5713874216,1.2282080327,-0.0461213325,-0.0291703357,-0.0728844988
2025-06-04,1.7228824872,1.5930539422,1.2354279935,-0.0048388770,-0.0157843937,-0.0674344957
2025-06-05,1.7283791100,1.6091038593,1.2355828682,-0.0016639505,-0.0058684841,-0.0673175882
2025-06-06,1.7449313941,1.6133359068,1.2335942581,0.0000000000,-0.0032538538,-0.0688186948
2025-06-09,1.7604825520,1.6181710446,1.2336918377,0.0000000000,-0.0002666240,-0.0687450367
2025-06-10,1.7730034128,1.6371395437,1.2287813441,0.0000000000,0.0000000000,-0.0724517334
2025-06-11,1.7456364176,1.6250363020,1.2255986503,-0.0154353877,-0.0073929200,-0.0748541968
2025-06-12,1.7658375835,1.6309782680,1.2295635079,-0.0040416331,-0.0037634396,-0.0718613154
2025-06-13,1.7807162679,1.6340187041,1.2299122955,0.0000000000,-0.0019062759,-0.0715980323
2025-06-16,1.7497335176,1.6054981990,1.2256905770,-0.0173990381,-0.0193272130,-0.0747848057
2025-06-17,1.7603392184,1.6269568433,1.2298079964,-0.0114431759,-0.0062198122,-0.0716767627
2025-06-18,1.7532693221,1.6186922203,1.2356838561,-0.0154134301,-0.0112680214,-0.0672413573
2025-06-19,1.7373853345,1.6144359870,1.2482583693,-0.0243334293,-0.0138678201,-0.0577494587
2025-06-20,1.7102132732,1.5874337864,1.2423515831,-0.0395924921,-0.0303613443,-0.0622082091
2025-06-23,1.6959447232,1.5696455333,1.2402248122,-0.0476053070,-0.0412267914,-0.0638136067
2025-06-24,1.7384594273,1.6056166940,1.2503695411,-0.0237302491,-0.0192548337,-0.0561558361
2025-06-25,1.7690649242,1.6394100823,1.2504668386,-0.0065430658,0.0000000000,-0.0560823908
2025-06-26,1.8261167493,1.6523751980,1.2565422851,0.0000000000,0.0000000000,-0.0514963268
2025-06-27,1.8342913999,1.6537101739,1.2532250881,0.0000000000,0.0000000000,-0.0540003202
2025-06-30,1.8348959712,1.6629227938,1.2425933663,0.0000000000,0.0000000000,-0.0620256985
2025-07-01,1.8487171512,1.6825577785,1.2392960708,0.0000000000,0.0000000000,-0.0645146692
2025-07-02,1.9080989500,1.6853507745,1.2461051839,0.0000000000,0.0000000000,-0.0593747953
2025-07-03,1.9432106423,1.6793718146,1.2564050221,0.0000000000,-0.0035476056,-0.0515999401
2025-07-04,1.9079527071,1.6891806822,1.2601285448,-0.0181441653,0.0000000000,-0.0487892309
2025-07-07,1.8705851847,1.6723778174,1.2664330190,-0.0373739501,-0.0099473461,-0.0440302848
2025-07-08,1.8634581761,1.6856761129,1.2651256995,-0.0410415961,-0.0020747155,-0.0450171178
2025-07-09,1.8849506380,1.7065570563,1.2674277807,-0.0299813119,0.0000000000,-0.0432793868
2025-07-10,1.8915707683,1.7003908595,1.2706058131,-0.0265745117,-0.0036132380,-0.0408804422
2025-07-11,1.8974518797,1.7079068575,1.2767344187,-0.0235480198,0.0000000000,-0.0362542509
2025-07-14,1.9120887979,1.7147491514,1.2886050993,-0.0160156823,0.0000000000,-0.0272936419
2025-07-15,1.9027996442,1.7203135071,1.2991377434,-0.0207959946,0.0000000000,-0.0193430526
2025-07-16,1.8725546137,1.7099175385,1.2893910736,-0.0363604578,-0.0060430664,-0.0267003475
2025-07-17,1.8858320994,1.7192726642,1.2839665929,-0.0295277010,-0.0006050310,-0.0307950285
2025-07-18,1.8905725181,1.7370612450,1.2923753028,-0.0270882235,0.0000000000,-0.0244476956
2025-07-21,1.8878632425,1.7423806940,1.2953294259,-0.0284824499,0.0000000000,-0.0222177694
2025-07-22,1.9241938978,1.7643791176,1.3059927072,-0.0097862496,0.0000000000,-0.0141685683
2025-07-23,1.9503492512,1.7701986376,1.3296687831,0.0000000000,0.0000000000,0.0000000000
2025-07-24,1.9492293189,1.7563372409,1.3134096636,-0.0005742215,-0.0078304188,-0.0122279471
2025-07-25,2.0073543720,1.7811933202,1.3069268677,0.0000000000,0.0000000000,-0.0171034439
2025-07-28,1.9982760142,1.7839994893,1.2951661864,-0.0045225487,0.0000000000,-0.0259482641
2025-07-29,2.0056975710,1.7907566974,1.2895233690,-0.0008253655,0.0000000000,-0.0301920408
2025-07-30,1.9702845878,1.7927517681,1.2875068658,-0.0184669856,0.0000000000,-0.0317085863
2025-07-31,1.9661288506,1.7823652952,1.2896062949,-0.0205372414,-0.0057935923,-0.0301296750
2025-08-01,1.9346266194,1.7680787372,1.2711191563,-0.0362306495,-0.0137626588,-0.0440332416
2025-08-04,1.9066304790,1.7683759084,1.2676583425,-0.0501774348,-0.0135968962,-0.0466360055
2025-08-05,1.9131522434,1.8004241004,1.2738787282,-0.0469284995,0.0000000000,-0.0419578587
2025-08-06,1.9285459965,1.8125074725,1.2821058832,-0.0392598221,0.0000000000,-0.0357704870
2025-08-07,1.9373046197,1.8289799958,1.2839145424,-0.0348965551,0.0000000000,-0.0344102541
2025-08-08,1.9257602153,1.8257970548,1.2844571891,-0.0406476096,-0.0017402820,-0.0340021475
2025-08-11,1.9250706864,1.8317181749,1.2841940004,-0.0409911109,0.0000000000,-0.0342000830
2025-08-12,1.9421713643,1.8552929524,1.2761965873,-0.0324720979,0.0000000000,-0.0402146734
2025-08-13,1.9547123343,1.8566727537,1.2808430486,-0.0262245862,0.0000000000,-0.0367202232
2025-08-14,1.9497933430,1.8684942324,1.2746325519,-0.0286750709,0.0000000000,-0.0413909328
2025-08-15,1.9010946588,1.8314273275,1.2687957622,-0.0529352040,-0.0198378481,-0.0457805897
2025-08-18,1.9258876252,1.8769152370,1.2525463828,-0.0405841380,0.0000000000,-0.0580012116
2025-08-19,1.9388860712,1.9008281337,1.2534809635,-0.0341087263,0.0000000000,-0.0572983442
2025-08-20,1.9600419164,1.9037227977,1.2555743573,-0.0235695582,0.0000000000,-0.0557239718
2025-08-21,2.0053640146,1.9276918285,1.2675227536,-0.0009915327,0.0000000000,-0.0467379774
2025-08-22,1.9987371701,1.9188882364,1.2765555997,-0.0042928155,-0.0045669084,-0.0399446720
2025-08-25,1.9999462475,1.9414528029,1.2694564062,-0.0036904916,0.0000000000,-0.0452837411
2025-08-26,2.0206710037,1.9484752907,1.2779633044,0.0000000000,0.0000000000,-0.0388859838
2025-08-27,2.0317559445,1.9578729177,1.2697059760,0.0000000000,0.0000000000,-0.0450960479
2025-08-28,1.9676461874,1.9084299025,1.2489576136,-0.0315538671,-0.0252534344,-0.0607002064
2025-08-29,1.9615568318,1.9234450885,1.2525867363,-0.0345509572,-0.0175843023,-0.0579708630
2025-09-01,1.9662544918,1.9234714194,1.2449314554,-0.0322388390,-0.0175708535,-0.0637281470
2025-09-02,2.0131375751,1.9377767128,1.2313922835,-0.0091636840,-0.0102643051,-0.0739105113
2025-09-03,2.0031038004,1.9131219741,1.2598138498,-0.0141021584,-0.0228569195,-0.0525355895
2025-09-04,1.9684263519,1.8748469369,1.2390542588,-0.0311698818,-0.0424062154,-0.0681481926
2025-09-05,1.9669829275,1.8624600292,1.2452550544,-0.0318803138,-0.0487329324,-0.0634847790
2025-09-08,1.9678115271,1.9078884788,1.2336137602,-0.0314724894,-0.0255299710,-0.0722398120
2025-09-09,1.9798809662,1.9256196267,1.2358085012,-0.0255320913,-0.0164736387,-0.0705892198
2025-09-10,1.9405782431,1.9081014165,1.2422768215,-0.0448763060,-0.0254212113,-0.0657246096
2025-09-11,1.9650071666,1.9097068564,1.2469722977,-0.0328527539,-0.0246012194,-0.0621932969
2025-09-12,1.9818335057,1.9428848852,1.2500438072,-0.0245710805,-0.0076552632,-0.0598833160
2025-09-15,1.9753030904,1.9430031099,1.2375730443,-0.0277852536,-0.0075948789,-0.0692621651
2025-09-16,1.9986417588,1.9415430090,1.2316878386,-0.0162983088,-0.0083406377,-0.0736882341
2025-09-17,2.0054781202,1.9593310126,1.2254326450,-0.0129335536,0.0000000000,-0.0783925587
2025-09-18,2.0046387702,1.9670234747,1.2224469146,-0.0133466691,0.0000000000,-0.0806380279
2025-09-19,1.9708901754,1.9412957814,1.1972093227,-0.0299572246,-0.0130795050,-0.0996183878
2025-09-22,1.9721287689,1.9331134404,1.2015753924,-0.0293476073,-0.0172392626,-0.0963348109
2025-09-23,1.9412912355,1.9321318299,1.1966048227,-0.0445253817,-0.0177382961,-0.1000730123
2025-09-24,1.9227767013,1.8999878721,1.2144815326,-0.0536379596,-0.0340797166,-0.0866285288
2025-09-25,1.9534241457,1.9360035226,1.2107767025,-0.0385537441,-0.0157699959,-0.0894148093
2025-09-26,1.9517959588,1.9209910397,1.2031624178,-0.0393551135,-0.0234020771,-0.0951412615
2025-09-29,1.9562085683,1.9121265524,1.2102301658,-0.0371832928,-0.0279086259,-0.0898258415
2025-09-30,1.9415241104,1.9326231723,1.2087676962,-0.0444107642,-0.0174885063,-0.0909257166
2025-10-09,1.9463445791,1.9444378333,1.1948541667,-0.0420382013,-0.0114821413,-0.1013896229
2025-10-10,1.9356750584,1.9455400510,1.2022716822,-0.0472895804,-0.0109217932,-0.0958111543
2025-10-13,1.9118345335,1.8772048230,1.2030091200,-0.0590235315,-0.0456622165,-0.0952565517
2025-10-14,1.9666604587,1.9503662130,1.2162623038,-0.0320390281,-0.0084682577,-0.0852892696
2025-10-15,1.9704909272,1.9201890024,1.2404479605,-0.0301537286,-0.0238098187,-0.0671000356
2025-10-16,1.9864002002,1.9424411303,1.2410969526,-0.0223234215,-0.0124972298,-0.0666119500
2025-10-17,1.9426500159,1.9247479068,1.2679642173,-0.0438566103,-0.0214921522,-0.0464059671
2025-10-20,1.9152813495,1.8989632446,1.2664815447,-0.0573270601,-0.0346006192,-0.0475210362
2025-10-21,1.9309908459,1.9090777515,1.2582112776,-0.0495950800,-0.0294585824,-0.0537408311
2025-10-22,1.9388079923,1.9320120637,1.2619722466,-0.0457475970,-0.0177991831,-0.0509123305
2025-10-23,1.9346246631,1.9320843249,1.2780395980,-0.0478065693,-0.0177624468,-0.0388286059
2025-10-24,1.9284552314,1.9434508597,1.2836984070,-0.0508430717,-0.0119839012,-0.0345728025
2025-10-27,1.9118536347,1.9622794467,1.2802760751,-0.0590141302,-0.0024117800,-0.0371466253
2025-10-28,1.9195473230,1.9625826317,1.2844648854,-0.0552274115,-0.0022576462,-0.0339963593
2025-10-29,1.9175120912,1.9652709317,1.2798079366,-0.0562291222,-0.0008909619,-0.0374986968
2025-10-30,1.9118654681,1.9751895536,1.2758479975,-0.0590083060,0.0000000000,-0.0404768363
2025-10-31,1.9027393642,1.9557479374,1.2870148506,-0.0635000383,-0.0098429116,-0.0320786147
2025-11-03,1.9506587402,1.9768331126,1.2748060732,-0.0399148355,0.0000000000,-0.0412604332
2025-11-04,1.9648401778,1.9859199073,1.2803091439,-0.0329349432,0.0000000000,-0.0371217553
2025-11-05,1.9365158482,1.9538901148,1.2849558907,-0.0468757562,-0.0161284412,-0.0336270905
2025-11-06,1.9565828847,1.9894000101,1.2844319840,-0.0369990599,0.0000000000,-0.0340211034
2025-11-07,1.9478385193,1.9904095424,1.2892242505,-0.0413029062,0.0000000000,-0.0304169980
2025-11-10,1.9459699864,1.9975265371,1.2874791925,-0.0422225703,0.0000000000,-0.0317293984
2025-11-11,1.9539997455,2.0094153391,1.3032293815,-0.0382704425,0.0000000000,-0.0198842012
2025-11-12,1.9354903113,2.0090374460,1.3049359591,-0.0473805102,-0.0001880612,-0.0186007406
2025-11-13,1.9250146673,2.0019299356,1.3115958284,-0.0525364661,-0.0037251649,-0.0135920727
2025-11-14,1.9222934567,2.0137082350,1.3090899380,-0.0538758054,0.0000000000,-0.0154766701
2025-11-17,1.9346081135,2.0185148743,1.3041595734,-0.0478147148,0.0000000000,-0.0191846346
2025-11-18,1.9623483202,2.0164905240,1.2860830781,-0.0341613984,-0.0010028910,-0.0327793700
2025-11-19,1.9886517284,1.9947940235,1.2742702364,-0.0212152529,-0.0117516354,-0.0416634184
2025-11-20,1.9698088042,1.9797768539,1.2853135770,-0.0304894594,-0.0191913475,-0.0333580864
2025-11-21,1.9625076875,1.9366217462,1.2914027436,-0.0340829602,-0.0405709808,-0.0287786252
2025-11-24,1.9144314645,1.8944342703,1.2687355933,-0.0577453608,-0.0614712359,-0.0458258407
2025-11-25,1.9588338277,1.9198972849,1.2681979083,-0.0358911793,-0.0488565087,-0.0462302158
2025-11-26,1.9574067643,1.9367951519,1.2818611335,-0.0365935586,-0.0404850732,-0.0359545552
2025-11-27,1.9474742828,1.9302640066,1.2742609818,-0.0414821780,-0.0437206923,-0.0416703784
2025-11-28,1.9583831756,1.9349847265,1.2779148041,-0.0361129835,-0.0413819828,-0.0389224593
2025-12-01,1.9666130397,1.9621925024,1.2752277624,-0.0320623670,-0.0279028769,-0.0409432946
2025-12-02,1.9998455204,1.9688952602,1.2957148051,-0.0157058352,-0.0245822386,-0.0255356661
2025-12-03,1.9717848234,1.9618968768,1.2937097668,-0.0295168922,-0.0280493338,-0.0270435892
2025-12-04,1.9319588416,1.9444128780,1.3048875190,-0.0491186469,-0.0367111470,-0.0186371707
2025-12-05,1.9268029540,1.9289873101,1.3018771018,-0.0516562980,-0.0443531853,-0.0209012062
2025-12-08,1.9528597368,1.9631260051,1.2916206739,-0.0388315378,-0.0274404068,-0.0286147270
2025-12-09,1.9732633787,1.9712725671,1.2946834586,-0.0287891693,-0.0234044880,-0.0263113078
2025-12-10,1.9542585088,1.9586928474,1.2873573277,-0.0381430830,-0.0296366540,-0.0318210490
2025-12-11,1.9554581784,1.9646678202,1.2779747903,-0.0375526235,-0.0266765704,-0.0388773456
2025-12-12,1.9355868994,1.9345837887,1.2812318769,-0.0473329710,-0.0415806129,-0.0364277983
2025-12-15,1.9342295027,1.9335556511,1.2728456542,-0.0480010614,-0.0420899664,-0.0427347996
2025-12-16,1.9452327344,1.9354535859,1.2825127906,-0.0425854347,-0.0411497034,-0.0354644654
2025-12-17,1.9155825670,1.9068337705,1.2779006957,-0.0571788053,-0.0553283532,-0.0389330697
2025-12-18,1.9299437118,1.9138321266,1.2785695997,-0.0501104638,-0.0518612714,-0.0384300091
2025-12-19,1.9570077957,1.9318291037,1.2935351161,-0.0367899250,-0.0429453217,-0.0271749382
2025-12-22,2.0010979130,1.9610361109,1.2949740397,-0.0150894263,-0.0284757691,-0.0260927713
2025-12-23,1.9973841286,1.9677064615,1.2873160418,-0.0169172956,-0.0251711858,-0.0318520987
2025-12-24,1.9728363859,1.9551061727,1.2855712221,-0.0289993288,-0.0314135419,-0.0331643200
2025-12-25,1.9958206120,1.9814002800,1.2832629121,-0.0176868352,-0.0183870799,-0.0349003238
2025-12-26,2.0546509289,2.0000396258,1.2856440205,0.0000000000,-0.0091528919,-0.0331095708
2025-12-29,2.0711614853,1.9989385121,1.2813661443,0.0000000000,-0.0096983988,-0.0363268202
2025-12-30,2.0582549941,1.9870757002,1.2801555392,-0.0062315234,-0.0155753988,-0.0372372763
2025-12-31,2.0488143759,1.9932928370,1.2768431214,-0.0107896509,-0.0124953438,-0.0397284364
2026-01-05,2.0593171306,2.0003188867,1.2791274478,-0.0057187017,-0.0090145423,-0.0380104700
2026-01-06,2.1672269863,2.0286645277,1.2821285025,0.0000000000,0.0000000000,-0.0357534758
2026-01-07,2.2010722317,2.0545114731,1.2867789113,0.0000000000,0.0000000000,-0.0322560569
2026-01-08,2.2199560642,2.0538582774,1.2843205549,0.0000000000,-0.0003179324,-0.0341049055
2026-01-09,2.2618759102,2.0811127758,1.2840661301,0.0000000000,0.0000000000,-0.0342962500
2026-01-12,2.2581508139,2.1201749522,1.2825593977,-0.0016469057,0.0000000000,-0.0354294137
2026-01-13,2.2971964376,2.1615925085,1.2915134197,0.0000000000,0.0000000000,-0.0286953894
2026-01-14,2.2460956472,2.1296513906,1.2864725256,-0.0222448501,-0.0147766601,-0.0324864794
2026-01-15,2.2403110944,2.1331601278,1.2739777289,-0.0247629425,-0.0131534415,-0.0418834036
2026-01-16,2.3228507689,2.1442799169,1.2623401146,0.0000000000,-0.0080091838,-0.0506356691
2026-01-19,2.2790726875,2.1299012541,1.2500042103,-0.0188467042,-0.0146610678,-0.0599130956
2026-01-20,2.3327715083,2.1578685165,1.2532772383,0.0000000000,-0.0017228002,-0.0574515592
2026-01-21,2.3353802054,2.1365240585,1.2623437436,0.0000000000,-0.0115972136,-0.0506329399
2026-01-22,2.3907448089,2.1662694960,1.2496594138,0.0000000000,0.0000000000,-0.0601724056
2026-01-23,2.3951506555,2.1861570681,1.2562809853,0.0000000000,0.0000000000,-0.0551925403
2026-01-26,2.4101993001,2.2185764399,1.2495597291,0.0000000000,0.0000000000,-0.0602473752
2026-01-27,2.3975598098,2.1806441397,1.2469483469,-0.0052441681,-0.0170975854,-0.0622113096
2026-01-28,2.3520753538,2.1842847661,1.2428373194,-0.0241158257,-0.0154566113,-0.0653030776
2026-01-29,2.3800248149,2.1678230346,1.2519958721,-0.0125194979,-0.0228765637,-0.0584152324
2026-01-30,2.3686911478,2.1457605279,1.2709986425,-0.0172218755,-0.0328210066,-0.0441238761
2026-02-02,2.3691479968,2.1363250691,1.2692687323,-0.0170323273,-0.0370739404,-0.0454248845
2026-02-03,2.3182346009,2.1188382001,1.2770198187,-0.0381564708,-0.0449559628,-0.0395955482
2026-02-04,2.3163181114,2.1452683805,1.2698531202,-0.0389516289,-0.0330428368,-0.0449853856
2026-02-05,2.3314173290,2.1447173979,1.2904214285,-0.0326869114,-0.0332911865,-0.0295166399
2026-02-06,2.3557918007,2.1259564706,1.2945407294,-0.0225738591,-0.0417474772,-0.0264186496
2026-02-09,2.3631561780,2.1677251379,1.2935201906,-0.0195183536,-0.0229206896,-0.0271861632
2026-02-10,2.3760725569,2.1837818216,1.2949678942,-0.0141593034,-0.0156833083,-0.0260973931
2026-02-11,2.3950511691,2.1797717980,1.2990102825,-0.0062850118,-0.0174907842,-0.0230572463
2026-02-12,2.3966911677,2.1793092003,1.2990016609,-0.0056045707,-0.0176992953,-0.0230637304
2026-02-13,2.3789352700,2.1718950333,1.2858748325,-0.0129715539,-0.0210411531,-0.0329359847
2026-02-24,2.3804516005,2.1839516478,1.2849234251,-0.0123424231,-0.0156067609,-0.0336515067
2026-02-25,2.3924137361,2.1944294456,1.2867269991,-0.0073792918,-0.0108840038,-0.0322950983
2026-02-26,2.4141945972,2.2162287879,1.2761802363,0.0000000000,-0.0010581794,-0.0402269705
2026-02-27,2.4096095533,2.2116694750,1.2736317485,-0.0018992023,-0.0031132418,-0.0421436040
2026-03-02,2.3807621619,2.2106141585,1.2690348019,-0.0138482769,-0.0035889146,-0.0456008158
2026-03-03,2.3358327767,2.2024115752,1.2854104525,-0.0324587838,-0.0072861427,-0.0332852296
2026-03-04,2.2270166421,2.1037741352,1.2884636893,-0.0775322567,-0.0517459316,-0.0309889909
2026-03-05,2.2598262277,2.1475511857,1.2776679335,-0.0639419746,-0.0320138864,-0.0391081225
2026-03-06,2.2518179218,2.1336082060,1.2882220533,-0.0672591495,-0.0382985379,-0.0311707174
2026-03-09,2.2564462483,2.1516232657,1.2929189683,-0.0653420189,-0.0301784392,-0.0276383226
2026-03-10,2.2759023097,2.1724001329,1.2923920091,-0.0572829911,-0.0208134848,-0.0280346313
2026-03-11,2.2966592106,2.2015018126,1.2948482411,-0.0486851337,-0.0076962087,-0.0261873803
2026-03-12,2.2721787671,2.1973079020,1.3092930234,-0.0588253450,-0.0095865698,-0.0153239363
2026-03-13,2.2546875666,2.1754356200,1.3173885614,-0.0660704944,-0.0194452709,-0.0092355494
2026-03-16,2.2555184543,2.1611527004,1.3203869755,-0.0657263268,-0.0258831467,-0.0069805412
2026-03-17,2.2453668612,2.1682574811,1.3174994836,-0.0699312873,-0.0226807415,-0.0091521285
2026-03-18,2.2302921026,2.1292899096,1.3245575677,-0.0761755059,-0.0402449646,-0.0038439764
2026-03-19,2.2015185138,2.1245687041,1.3106941579,-0.0880940102,-0.0423729983,-0.0142701893
2026-03-20,2.1680941488,2.0992804653,1.3087463852,-0.1019389443,-0.0537714060,-0.0157350449
2026-03-23,2.0691726135,2.0108972544,1.2997438696,-0.1429139077,-0.0936092089,-0.0225055396
2026-03-24,2.0266840805,1.9759964533,1.2775304304,-0.1605133725,-0.1093403780,-0.0392115340
2026-03-25,2.0760647770,2.0148595964,1.2983015204,-0.1400590577,-0.0918232249,-0.0235902829
2026-03-26,2.0718173811,2.0436603513,1.3078601719,-0.1418184004,-0.0788415875,-0.0164015366
2026-03-27,2.0206864672,1.9918404561,1.2908663704,-0.1629976848,-0.1021988603,-0.0291820138
2026-03-30,2.0238264871,2.0221609760,1.2728528039,-0.1616970358,-0.0885322048,-0.0427294225
2026-03-31,2.0179177239,2.0472863463,1.2791232339,-0.1641445449,-0.0772072084,-0.0380136391
2026-04-01,2.0551886330,2.0518521766,1.2927903365,-0.1487063076,-0.0751492084,-0.0277350624
2026-04-02,2.0571033011,2.0479149139,1.2887802860,-0.1479132198,-0.0769238882,-0.0307508890
2026-04-03,2.0781287373,2.0263687532,1.2908226861,-0.1392041306,-0.0866355935,-0.0292148673
2026-04-07,2.0077994580,1.9823507581,1.2766567449,-0.1683357007,-0.1064762419,-0.0398686040
2026-04-08,2.0488325402,2.0404198887,1.2730319226,-0.1513391080,-0.0803021920,-0.0425947133
2026-04-09,2.0784280234,2.0700484407,1.2786476209,-0.1390801613,-0.0669474337,-0.0383713319
2026-04-10,2.0794486340,2.0742325105,1.2758047995,-0.1386574071,-0.0650615082,-0.0405093241
2026-04-13,2.1004423535,2.0714201123,1.2738457283,-0.1299614555,-0.0663291672,-0.0419826768
2026-04-14,2.0975623179,2.0973118278,1.2810606762,-0.1311544147,-0.0546587487,-0.0365565527
2026-04-15,2.1184103083,2.1130881502,1.2835069192,-0.1225188265,-0.0475477373,-0.0347168141
2026-04-16,2.1279722668,2.1006152365,1.2783035260,-0.1185581025,-0.0531697720,-0.0386301143
2026-04-17,2.1470633247,2.1236488364,1.2749519633,-0.1106502653,-0.0427876190,-0.0411507140
2026-04-20,2.2075723268,2.1352000116,1.2649600122,-0.0855864190,-0.0375810482,-0.0486653306
2026-04-21,2.2205499655,2.1473982927,1.2669241425,-0.0802108628,-0.0320828013,-0.0471881730
2026-04-22,2.1622337845,2.1379262991,1.2662244326,-0.1043664057,-0.0363522029,-0.0477144018
2026-04-23,2.1479996722,2.1568734560,1.2644356933,-0.1102624144,-0.0278119711,-0.0490596536
2026-04-24,2.1013123494,2.1221340695,1.2525452568,-0.1296010886,-0.0434703843,-0.0580020584
2026-04-27,2.0748251153,2.1164670382,1.2444849488,-0.1405725464,-0.0460247390,-0.0640639499
2026-04-28,2.0846359048,2.1283494632,1.2441373985,-0.1365087524,-0.0406688609,-0.0643253310
2026-04-29,2.0534996443,2.1042768935,1.2398012751,-0.1494059151,-0.0515193186,-0.0675863863
2026-04-30,2.1082393324,2.1408960283,1.2641936050,-0.1267318157,-0.0350136286,-0.0492417202
2026-05-06,2.1515290197,2.1642725152,1.2567029585,-0.1088004993,-0.0244769230,-0.0548751881
2026-05-07,2.1502381266,2.1878527869,1.2599878688,-0.1093352089,-0.0138483635,-0.0524047156
2026-05-08,2.1506174641,2.2037547662,1.2594503461,-0.1091780810,-0.0066807135,-0.0528089686
2026-05-11,2.2116676486,2.2423669137,1.2556332301,-0.0838900679,0.0000000000,-0.0556796956
2026-05-12,2.2657733347,2.2544482604,1.2692889300,-0.0614785828,0.0000000000,-0.0454096944
2026-05-13,2.2387383088,2.2274366393,1.2669408110,-0.0726769452,-0.0119814775,-0.0471756372
2026-05-14,2.2494534250,2.2603259399,1.2744725097,-0.0682385639,0.0000000000,-0.0415112952
2026-05-15,2.1970395332,2.2145112587,1.2666027351,-0.0899492793,-0.0202690596,-0.0474298929
2026-05-18,2.1342955747,2.1941666466,1.2372309372,-0.1159388820,-0.0292698023,-0.0695194526
2026-05-19,2.1003451749,2.2000252690,1.2279152692,-0.1300017085,-0.0266778653,-0.0765254590
2026-05-20,2.0917662964,2.2159992695,1.2450473037,-0.1335552243,-0.0196107427,-0.0636410214
2026-05-21,2.0639134946,2.2154185418,1.2570726718,-0.1450923231,-0.0198676648,-0.0545971390
2026-05-22,2.0276516991,2.1574710929,1.2348510650,-0.1601125686,-0.0455044315,-0.0713092760
2026-05-25,2.0197505361,2.1902210676,1.2406354937,-0.1633853632,-0.0310153819,-0.0669589981
2026-05-26,2.0018559828,2.1730221981,1.2420373395,-0.1707975881,-0.0386244038,-0.0659047161
2026-05-27,2.0113979621,2.1473103721,1.2602897361,-0.1668451398,-0.0499996774,-0.0521776911
2026-05-28,1.9647898481,2.1040212083,1.2442636882,-0.1861510044,-0.0691514126,-0.0642303528
2026-05-29,1.9517388903,2.1288655142,1.2344046164,-0.1915569306,-0.0581599421,-0.0716450352
2026-06-01,1.9399872290,2.0753777260,1.2288147024,-0.1964246663,-0.0818236922,-0.0758490250
2026-06-02,1.9839794416,2.1020718679,1.2437914889,-0.1782023521,-0.0700138282,-0.0645854783
2026-06-03,1.9353161345,2.0831065562,1.2539689460,-0.1983595122,-0.0784043490,-0.0569313487
2026-06-04,1.9106642467,2.0623467588,1.2483545902,-0.2085707387,-0.0875887754,-0.0611537204
2026-06-05,1.8835861465,2.0524851300,1.2519361888,-0.2197869432,-0.0919516987,-0.0584601183
2026-06-08,1.8788332235,2.0144015616,1.2457753991,-0.2217556838,-0.1088004053,-0.0630934448
2026-06-09,1.8765333991,2.0273772749,1.2406244169,-0.2227083097,-0.1030597671,-0.0669673285
2026-06-10,1.8464876998,2.0201712305,1.2530087135,-0.2351537437,-0.1062478226,-0.0576535078
2026-06-11,1.8444505304,1.9959367006,1.2577152455,-0.2359975735,-0.1169695196,-0.0541138805
2026-06-12,1.8265711825,2.0052286708,1.2543437892,-0.2434035000,-0.1128586212,-0.0566494415
2026-06-15,1.8957883322,2.0177741794,1.2728038192,-0.2147325927,-0.1073083117,-0.0427662623
2026-06-16,1.9120922113,2.0469043270,1.2755882905,-0.2079792518,-0.0944207245,-0.0406721533
2026-06-17,1.8885097798,2.0519778460,1.2658979188,-0.2177474915,-0.0921761283,-0.0479599620
2026-06-18,1.8517178341,2.0451800722,1.2979694986,-0.2329873341,-0.0951835591,-0.0238399855
2026-06-22,1.8338066577,2.0456068580,1.2595757187,-0.2404064445,-0.0949947431,-0.0527146801
2026-06-23,1.8682006795,2.0532865425,1.2695833928,-0.2261598623,-0.0915971426,-0.0451882387
2026-06-24,1.8407285717,2.0515133492,1.2669828986,-0.2375392714,-0.0923816283,-0.0471439845
2026-06-25,1.7808983924,2.0304095182,1.2276619216,-0.2623219377,-0.1017182600,-0.0767159934
2026-06-26,1.7480232781,1.9977535546,1.2488173047,-0.2759393629,-0.1161657178,-0.0608057281
2026-06-29,1.7099380999,1.9537798981,1.2220922734,-0.2917148842,-0.1356202822,-0.0809047419
2026-06-30,1.7140096209,1.9514878926,1.2256196682,-0.2900283917,-0.1366342977,-0.0782519047
2026-07-01,1.7356333545,1.9810126406,1.2005310981,-0.2810714776,-0.1235721337,-0.0971201901
2026-07-02,1.7665561233,2.0066790445,1.2276245320,-0.2682627468,-0.1122169555,-0.0767441129
2026-07-03,1.7644644383,2.0130234725,1.2306404727,-0.2691291579,-0.1094100913,-0.0744759234
2026-07-06,1.7864594923,2.0332906271,1.2354384379,-0.2600184367,-0.1004436169,-0.0708675321
2026-07-07,1.7631284809,1.9992358739,1.2573460852,-0.2696825339,-0.1155099189,-0.0543915137
2026-07-08,1.7087335203,1.9531096549,1.2345090817,-0.2922138413,-0.1359168072,-0.0715664703
2026-07-09,1.7132763047,1.9226606039,1.2416442316,-0.2903321436,-0.1493878958,-0.0662003596
2026-07-10,1.7020113128,1.9316221437,1.2367962157,-0.2949982927,-0.1454231845,-0.0698463923
2026-07-13,1.7248434356,1.9414194066,1.2439624779,-0.2855408435,-0.1410887376,-0.0644568831
2026-07-14,1.6510991885,1.8708137361,1.2511600847,-0.3160869507,-0.1723256796,-0.0590438006
2026-07-15,1.6880799719,1.8984867299,1.2566512171,-0.3007688884,-0.1600827578,-0.0549141011
2026-07-16,1.7023628669,1.8904312192,1.2803066424,-0.2948526731,-0.1636466291,-0.0371236366
2026-07-17,1.7277818602,1.8888981281,1.2726262482,-0.2843236986,-0.1643248902,-0.0428998076
2026-07-20,1.6855309215,1.8178713817,1.2760592893,-0.3018247479,-0.1957481221,-0.0403179307
2026-07-21,1.6951054411,1.7633147916,1.3146472363,-0.2978588209,-0.2198847253,-0.0112972095
2026-07-22,1.6885697640,1.7760946055,1.3001824702,-0.3005660083,-0.2142307558,-0.0221756826
2026-07-23,1.6742144754,1.7692561604,1.3079644339,-0.3065122102,-0.2172561801,-0.0163231246
2026-07-24,1.7233196372,1.7875680282,1.3215596802,-0.2861720264,-0.2091547521,-0.0060985887
2026-07-27,1.6817535590,1.7525706276,1.3133000623,-0.3033893950,-0.2246380946,-0.0123103747
2026-07-28,1.7010625866,1.7955540872,1.3198946710,-0.2953912711,-0.2056216073,-0.0073507871
2026-07-29,1.7324612633,1.7981051854,1.3277256863,-0.2823854112,-0.2044929655,-0.0014613390
2026-07-30,1.7667922771,1.8128904527,1.3315519134,-0.2681649279,-0.1979517553,0.0000000000
2026-07-31,1.7799250692,1.8094043273,1.3444696371,-0.2627251046,-0.1994940662,0.0000000000
2026-08-03,1.8034403929,1.8327399536,1.3474320337,-0.2529846621,-0.1891700568,0.0000000000
2026-08-04,1.8441424756,1.8651630131,1.3515837308,-0.2361251750,-0.1748256390,0.0000000000
2026-08-05,1.8256481693,1.8878684213,1.3283369262,-0.2437858276,-0.1647804469,-0.0171996778
2026-08-06,1.8705725257,1.9158430438,1.3068590086,-0.2251774038,-0.1524040803,-0.0330906042
2026-08-07,1.9192338337,1.9329682570,1.3003278984,-0.2050210717,-0.1448276451,-0.0379227948
2026-08-10,1.9300214624,1.9558483793,1.2900812835,-0.2005526545,-0.1347051570,-0.0455039861
2026-08-11,1.8893494170,1.9703520053,1.2998486547,-0.2173996996,-0.1282885488,-0.0382773741
2026-08-12,1.9344835960,1.9692457684,1.2974836198,-0.1987043637,-0.1287779635,-0.0400271991
2026-08-13,2.0156303193,1.9994942404,1.3036126878,-0.1650920263,-0.1153956139,-0.0354924685
2026-08-14,1.9503565977,1.9756472833,1.3057531172,-0.1921294995,-0.1259458433,-0.0339088231
2026-08-17,1.9226050123,1.9785896468,1.3049978112,-0.2036246728,-0.1246441003,-0.0344676534
2026-08-18,1.9404909058,2.0098481564,1.3088580791,-0.1962160349,-0.1108148958,-0.0316115463
2026-08-19,1.9208709219,1.9892827563,1.3184149155,-0.2043429622,-0.1199133182,-0.0245407033
2026-08-20,1.8231790381,1.9438801691,1.3249631463,-0.2448085833,-0.1400000616,-0.0196958456
2026-08-21,1.8009687946,1.9425507204,1.3400849836,-0.2540084397,-0.1405882284,-0.0085076100
2026-08-24,1.8572954362,1.9525637719,1.3374345264,-0.2306769975,-0.1361583136,-0.0104686111
2026-08-25,1.8133817924,1.9173029589,1.3548795595,-0.2488667672,-0.1517581934,0.0000000000
2026-08-26,1.8807761876,1.9573446928,1.3465902755,-0.2209508754,-0.1340431669,-0.0061180966
2026-08-27,1.8847538133,1.9601113885,1.3610245049,-0.2193032760,-0.1328191418,0.0000000000
2026-08-28,1.8957272852,1.9856565904,1.3480289741,-0.2147578794,-0.1215175850,-0.0095483445
2026-08-31,1.8780143331,1.9766427054,1.3442198404,-0.2220948820,-0.1255054546,-0.0123470698
2026-09-01,1.8826200033,2.0066221044,1.3558454862,-0.2201871359,-0.1122421466,-0.0038052354
2026-09-02,1.8683231916,2.0053335951,1.3727810393,-0.2261091157,-0.1128122013,0.0000000000
2026-09-03,1.8814533182,2.0104417633,1.3744825354,-0.2206703965,-0.1105522758,0.0000000000
2026-09-04,1.9378075919,2.0051399621,1.3760028834,-0.1973275087,-0.1128978672,0.0000000000
2026-09-07,1.9158562788,1.9947716511,1.3843592018,-0.2064201117,-0.1174849539,0.0000000000
2026-09-08,1.9088674872,2.0109539074,1.3601358440,-0.2093149867,-0.1103256960,-0.0174978848
2026-09-09,1.8989046111,2.0212678140,1.3692984176,-0.2134417775,-0.1057626786,-0.0108792459
2026-09-10,1.8640481342,2.0058900067,1.3771187083,-0.2278799164,-0.1125660369,-0.0052302130
2026-09-11,1.8184674183,1.9712345611,1.3931028919,-0.2467602154,-0.1278980937,0.0000000000
2026-09-14,1.8558750163,1.9390027940,1.3827715249,-0.2312653593,-0.1421578810,-0.0074160832
2026-09-15,1.8665266205,1.9545418839,1.3922412665,-0.2268532857,-0.1352831690,-0.0006184937
2026-09-16,1.8501987338,1.9270873163,1.3772137609,-0.2336165710,-0.1474294559,-0.0114055689
2026-09-17,1.8773986268,1.9507964160,1.3750254702,-0.2223499179,-0.1369402166,-0.0129763722
2026-09-18,1.8988710432,1.9699700545,1.3695940353,-0.2134556819,-0.1284575292,-0.0168751761
